idx, hse, dom
1, 13, 0
2, 20, 0
3, 15, 0
4, 14, 0
5, 58, 0
6, 19, 0
7, 36, 0
8, 19, 0
9, 39, 0
10, 30, 0
11, 35, 0
12, 45, 0
13, 67, 0
14, 42, 0
15, 7, 0
16, 100, 0
17, 100, 0
18, 38, 0
19, 83, 0
20, 93, 0
21, 81, 0
22, 48, 0
23, 38, 0
24, 100, 0
25, 90, 0
26, 59, 0
27, 54, 0
28, 31, 0
29, 74, 0
30, 41, 0
31, 45, 0
32, 61, 0
33, 43, 0
34, 43, 0
35, 14, 0
36, 22, 0
37, 33, 0
38, 29, 0
39, 10, 0
40, 2, 0
41, 1, 0
42, 0, 0
43, 1, 0
44, 36, 0
45, 21, 0
46, 12, 0
47, 19, 0
48, 52, 0
49, 69, 0
50, 34, 0
51, 25, 0
52, 37, 0
53, 64, 0
54, 100, 0
55, 46, 0
56, 14, 0
57, 85, 0
58, 81, 0
59, 60, 0
60, 81, 0
61, 28, 0
62, 86, 0
63, 37, 0
64, 100, 0
65, 100, 0
66, 5, 0
67, 53, 0
68, 73, 0
69, 79, 0
70, 57, 0
71, 13, 0
72, 82, 0
73, 26, 0
74, 42, 0
75, 56, 0
76, 55, 0
77, 28, 0
78, 19, 0
79, 100, 0
80, 100, 0
81, 100, 0
82, 100, 0
83, 65, 0
84, 100, 0
85, 80, 0
86, 46, 0
87, 100, 0
88, 13, 0
89, 40, 0
90, 56, 0
91, 93, 0
92, 100, 0
93, 100, 0
94, 61, 0
95, 100, 0
96, 77, 0
97, 75, 0
98, 79, 0
99, 56, 0
100, 75, 0
101, 57, 0
102, 84, 0
103, 20, 0
104, 100, 0
105, 100, 0
106, 73, 0
107, 100, 0
108, 73, 0
109, 26, 0
110, 76, 0
111, 94, 0
112, 50, 0
113, 55, 0
114, 57, 0
115, 64, 0
116, 100, 0
117, 57, 0
118, 40, 0
119, 20, 0
120, 70, 0
121, 100, 0
122, 63, 0
123, 14, 0
124, 87, 0
125, 71, 0
126, 60, 0
127, 74, 72
128, 49, 60
129, 82, 17
130, 83, 25
131, 66, 33
132, 44, 8
133, 100, 16
134, 50, 53
135, 70, 29
136, 40, 12
137, 93, 100
138, 70, 30
139, 21, 13
140, 93, 14
141, 87, 100
142, 76, 21
143, 41, 28
144, 90, 60
145, 100, 14
146, 87, 15
147, 68, 9
148, 100, 74
149, 67, 32
150, 16, 14
151, 29, 38
152, 44, 23
153, 42, 6
154, 58, 9
155, 23, 12
156, 26, 8
157, 55, 30
158, 56, 46
159, 10, 9
160, 61, 13
161, 100, 21
162, 44, 26
163, 54, 28
164, 81, 11
165, 75, 12
166, 29, 18
167, 100, 16
168, 100, 12
169, 76, 29
170, 68, 100
171, 100, 28
172, 53, 12
173, 94, 63
174, 65, 28
175, 100, 29
176, 86, 22
177, 61, 27
178, 93, 16
179, 100, 73
180, 100, 5
181, 75, 17
182, 38, 27
183, 58, 30
184, 25, 17
185, 25, 4
186, 100, 10
187, 88, 10
188, 77, 54
189, 100, 40
190, 77, 40
191, 100, 47
192, 81, 24
193, 100, 100
194, 100, 18
195, 100, 7
196, 100, 29
197, 100, 100
198, 65, 14
199, 44, 24
200, 100, 65
201, 72, 72
202, 19, 15
203, 30, 55
204, 80, 73
205, 56, 27
206, 52, 33
207, 57, 18
208, 64, 11
209, 10, 18
210, 62, 26
211, 37, 27
212, 94, 64
213, 44, 12
214, 41, 12
215, 56, 30
216, 69, 40
217, 61, 24
218, 100, 75
219, 90, 100
220, 100, 25
221, 67, 14
222, 100, 100
223, 81, 29
224, 81, 14
225, 100, 100
226, 76, 16
227, 100, 40
228, 100, 66
229, 73, 18
230, 87, 27
231, 73, 40
232, 84, 15
233, 57, 7
234, 50, 28
235, 77, 32
236, 100, 64
237, 100, 48
238, 66, 39
239, 94, 57
240, 100, 56
241, 77, 8
242, 81, 29
243, 100, 75
244, 88, 15
245, 66, 14
246, 70, 73
247, 82, 56
248, 93, 19
249, 85, 45
250, 93, 75
251, 43, 8
252, 75, 62
253, 100, 56
254, 67, 11
255, 71, 60
256, 100, 51
257, 100, 13
258, 53, 16
259, 100, 34
260, 42, 14
261, 100, 14
262, 93, 12
263, 82, 72
264, 100, 54
265, 87, 66
266, 100, 63
267, 66, 29
268, 100, 100
269, 64, 57
270, 78, 41
271, 100, 18
272, 87, 100
273, 56, 19
274, 100, 9
275, 77, 14
276, 100, 9
277, 74, 0
278, 29, 0
279, 100, 0
280, 100, 0
281, 44, 0
282, 40, 0
283, 4, 0
284, 7, 3
285, 10, 12
286, 15, 6
287, 4, 20
288, 10, 46
289, 22, 6
290, 8, 33
291, 67, 38
292, 24, 100
293, 40, 0
294, 13, 0
295, 9, 0
296, 23, 0
297, 20, 0
298, 15, 0
299, 15, 0
300, 9, 0
301, 4, 0
302, 6, 0
303, 20, 0
304, 6, 0
305, 25, 0
306, 9, 0
307, 27, 0
308, 38, 0
309, 25, 10
310, 28, 7
311, 20, 33
312, 31, 12
313, 14, 4
314, 23, 12
315, 20, 18
316, 12, 22
317, 13, 19
318, 37, 6
319, 67, 9
320, 17, 30
321, 14, 73
322, 49, 7
323, 19, 21
324, 70, 9
325, 85, 22
326, 100, 14
327, 100, 27
328, 46, 0
329, 31, 0
330, 69, 0
331, 67, 0
332, 66, 0
333, 81, 0
334, 44, 0
335, 100, 0
336, 64, 0
337, 67, 0
338, 65, 0
339, 100, 0
340, 14, 0
341, 100, 0
342, 44, 69
343, 71, 22
344, 61, 15
345, 46, 25
346, 26, 16
347, 100, 4
348, 100, 4
349, 53, 38
350, 21, 19
351, 67, 14
352, 87, 7
353, 100, 22
354, 73, 13
355, 77, 23
356, 100, 15
357, 58, 23
358, 100, 12
359, 54, 37
360, 100, 6
361, 87, 24
362, 66, 26
363, 81, 13
364, 48, 11
365, 72, 6
366, 100, 6
367, 100, 7
368, 100, 6
369, 100, 7
370, 72, 16
371, 100, 4
372, 100, 10
373, 11, 5
374, 56, 3
375, 100, 5
376, 38, 12
377, 100, 7
378, 87, 3
379, 85, 5
380, 14, 10
381, 63, 16
382, 94, 15
383, 68, 9
384, 68, 2
385, 72, 2
386, 100, 3
387, 61, 1
388, 20, 1
389, 54, 1
390, 72, 26
391, 73, 69
392, 100, 23
393, 100, 100
394, 59, 29
395, 66, 27
396, 93, 16
397, 73, 70
398, 100, 30
399, 80, 34
400, 59, 39
401, 100, 13
402, 100, 29
403, 100, 17
404, 93, 32
405, 60, 51
406, 89, 100
407, 100, 74
408, 66, 26
409, 100, 69
410, 80, 37
411, 87, 56
412, 89, 63
413, 87, 27
414, 100, 0
415, 93, 0
416, 100, 0
417, 81, 0
418, 100, 0
419, 91, 0
420, 80, 0
421, 83, 0
422, 64, 0
423, 59, 0
424, 30, 0
425, 35, 0
426, 67, 0
427, 45, 0
428, 71, 0
429, 51, 0
430, 68, 0
431, 100, 0
432, 31, 0
433, 39, 0
434, 81, 0
435, 83, 0
436, 50, 0
437, 21, 0
438, 32, 0
439, 72, 0
440, 17, 0
441, 62, 0
442, 81, 0
443, 64, 0
444, 47, 0
445, 44, 0
446, 100, 0
447, 32, 0
448, 17, 0
449, 40, 0
450, 19, 0
451, 19, 0
452, 26, 0
453, 21, 0
454, 30, 0
455, 48, 0
456, 12, 0
457, 60, 0
458, 14, 0
459, 30, 0
460, 10, 0
461, 13, 0
462, 37, 0
463, 19, 0
464, 64, 0
465, 20, 0
466, 49, 0
467, 52, 0
468, 31, 0
469, 20, 0
470, 37, 0
471, 43, 0
472, 23, 0
473, 46, 0
474, 12, 0
475, 43, 0
476, 31, 0
477, 46, 0
478, 24, 0
479, 30, 0
480, 19, 0
481, 20, 0
482, 8, 0
483, 12, 0
484, 13, 0
485, 19, 0
486, 20, 0
487, 24, 0
488, 25, 0
489, 6, 0
490, 13, 0
491, 13, 0
492, 14, 0
493, 4, 0
494, 11, 0
495, 9, 0
496, 39, 0
497, 32, 0
498, 24, 0
499, 28, 0
500, 22, 0
501, 32, 0
502, 23, 0
503, 10, 0
504, 50, 0
505, 24, 0
506, 15, 0
507, 16, 0
508, 6, 0
509, 7, 0
510, 5, 0
511, 7, 0
512, 8, 0
513, 8, 0
514, 16, 0
515, 10, 0
516, 27, 0
517, 11, 0
518, 40, 0
519, 11, 0
520, 9, 0
521, 63, 0
522, 26, 0
523, 6, 0
524, 27, 0
525, 16, 0
526, 10, 0
527, 11, 0
528, 23, 0
529, 10, 0
530, 14, 0
531, 12, 0
532, 5, 0
533, 7, 0
534, 16, 0
535, 18, 0
536, 33, 0
537, 14, 0
538, 4, 0
539, 32, 0
540, 21, 0
541, 25, 0
542, 21, 0
543, 6, 0
544, 31, 0
545, 20, 0
546, 3, 0
547, 16, 0
548, 4, 0
549, 14, 0
550, 10, 0
551, 1, 0
552, 1, 0
553, 20, 0
554, 13, 0
555, 23, 0
556, 20, 0
557, 9, 0
558, 12, 0
559, 24, 0
560, 17, 0
561, 6, 0
562, 5, 0
563, 10, 0
564, 11, 0
565, 2, 0
566, 9, 0
567, 5, 0
568, 12, 0
569, 15, 0
570, 16, 0
571, 5, 0
572, 13, 0
573, 16, 0
574, 13, 0
575, 17, 0
576, 12, 0
577, 13, 0
578, 11, 0
579, 13, 0
580, 20, 0
581, 8, 0
582, 6, 0
583, 9, 0
584, 12, 0
585, 11, 0
586, 16, 0
587, 8, 0
588, 10, 0
589, 16, 0
590, 26, 0
591, 27, 0
592, 12, 0
593, 15, 0
594, 4, 0
595, 6, 0
596, 0, 0
597, 0, 0
598, 0, 0
599, 1, 0
600, 4, 0
601, 3, 0
602, 5, 0
603, 4, 0
604, 6, 0
605, 10, 0
606, 14, 0
607, 9, 0
608, 4, 0
609, 3, 0
610, 7, 0
611, 6, 0
612, 4, 0
613, 8, 0
614, 6, 0
615, 8, 0
616, 6, 0
617, 7, 0
618, 7, 0
619, 4, 0
620, 8, 0
621, 8, 0
622, 15, 0
623, 5, 0
624, 6, 0
625, 13, 0
626, 7, 0
627, 4, 0
628, 4, 0
629, 6, 0
630, 5, 0
631, 5, 0
632, 4, 0
633, 4, 0
634, 4, 0
635, 14, 0
636, 15, 0
637, 14, 0
638, 6, 0
639, 14, 0
640, 13, 0
641, 19, 0
642, 7, 0
643, 6, 0
644, 14, 0
645, 21, 0
646, 5, 0
647, 9, 0
648, 6, 0
649, 7, 0
650, 12, 0
651, 15, 0
652, 4, 0
653, 14, 0
654, 18, 0
655, 24, 0
656, 13, 0
657, 10, 0
658, 14, 0
659, 29, 0
660, 29, 0
661, 34, 0
662, 30, 0
663, 20, 0
664, 46, 0
665, 16, 0
666, 22, 0
667, 82, 0
668, 33, 0
669, 58, 0
670, 75, 0
671, 32, 0
672, 44, 0
673, 42, 0
674, 80, 0
675, 83, 0
676, 66, 0
677, 86, 0
678, 65, 0
679, 87, 0
680, 55, 0
681, 39, 0
682, 50, 0
683, 66, 0
684, 59, 0
685, 49, 0
686, 21, 0
687, 27, 0
688, 10, 0
689, 59, 0
690, 26, 0
691, 68, 0
692, 40, 0
693, 14, 0
694, 24, 0
695, 63, 0
696, 54, 0
697, 100, 0
698, 53, 0
699, 100, 0
700, 16, 0
701, 30, 0
702, 8, 0
703, 76, 0
704, 50, 0
705, 31, 0
706, 44, 0
707, 93, 0
708, 30, 0
709, 8, 0
710, 70, 0
711, 24, 0
712, 30, 0
713, 55, 72
714, 75, 60
715, 63, 17
716, 80, 25
717, 81, 33
718, 100, 8
719, 29, 16
720, 85, 53
721, 100, 29
722, 28, 12
723, 94, 100
724, 76, 30
725, 65, 13
726, 100, 14
727, 100, 100
728, 82, 21
729, 85, 28
730, 100, 60
731, 81, 14
732, 59, 15
733, 100, 9
734, 88, 74
735, 87, 32
736, 66, 14
737, 92, 38
738, 100, 23
739, 28, 6
740, 25, 9
741, 100, 12
742, 64, 8
743, 32, 30
744, 35, 46
745, 57, 9
746, 42, 13
747, 32, 21
748, 50, 26
749, 100, 28
750, 42, 11
751, 69, 12
752, 100, 18
753, 100, 16
754, 75, 12
755, 100, 29
756, 100, 100
757, 76, 28
758, 39, 12
759, 76, 63
760, 100, 28
761, 68, 29
762, 100, 5
763, 100, 17
764, 78, 22
765, 12, 27
766, 33, 16
767, 100, 73
768, 80, 5
769, 94, 17
770, 100, 27
771, 60, 30
772, 66, 17
773, 100, 4
774, 69, 10
775, 20, 10
776, 100, 54
777, 100, 40
778, 86, 40
779, 39, 47
780, 51, 24
781, 100, 100
782, 100, 18
783, 93, 7
784, 100, 29
785, 100, 100
786, 26, 14
787, 26, 24
788, 93, 65
789, 81, 72
790, 15, 15
791, 67, 55
792, 81, 73
793, 81, 27
794, 53, 33
795, 92, 10
796, 89, 18
797, 24, 11
798, 80, 18
799, 51, 26
800, 38, 27
801, 43, 64
802, 38, 12
803, 32, 12
804, 64, 30
805, 79, 40
806, 69, 24
807, 100, 75
808, 100, 100
809, 72, 25
810, 81, 14
811, 100, 100
812, 85, 29
813, 100, 14
814, 100, 100
815, 87, 16
816, 100, 40
817, 100, 66
818, 100, 18
819, 80, 27
820, 100, 40
821, 68, 15
822, 100, 7
823, 100, 28
824, 100, 32
825, 81, 64
826, 89, 48
827, 25, 39
828, 100, 57
829, 92, 56
830, 55, 8
831, 73, 29
832, 90, 75
833, 48, 15
834, 81, 14
835, 93, 73
836, 60, 56
837, 68, 19
838, 100, 45
839, 100, 75
840, 78, 8
841, 84, 62
842, 100, 56
843, 81, 11
844, 81, 60
845, 84, 51
846, 100, 13
847, 52, 16
848, 76, 34
849, 76, 14
850, 87, 14
851, 100, 12
852, 76, 72
853, 65, 54
854, 93, 66
855, 73, 63
856, 70, 29
857, 100, 100
858, 51, 57
859, 94, 41
860, 100, 18
861, 81, 100
862, 100, 19
863, 77, 9
864, 51, 14
865, 87, 9
866, 46, 3
867, 66, 12
868, 10, 6
869, 17, 20
870, 10, 46
871, 32, 6
872, 29, 33
873, 36, 38
874, 10, 100
875, 12, 10
876, 63, 7
877, 62, 33
878, 66, 12
879, 100, 4
880, 73, 12
881, 79, 18
882, 15, 22
883, 81, 19
884, 100, 6
885, 69, 9
886, 100, 30
887, 72, 73
888, 100, 7
889, 93, 21
890, 66, 9
891, 71, 22
892, 100, 14
893, 100, 27
894, 59, 69
895, 100, 22
896, 100, 15
897, 100, 25
898, 100, 16
899, 100, 4
900, 93, 4
901, 100, 38
902, 73, 19
903, 93, 14
904, 100, 7
905, 64, 22
906, 100, 13
907, 100, 23
908, 91, 15
909, 72, 23
910, 55, 12
911, 0, 37
912, 55, 6
913, 47, 24
914, 47, 26
915, 100, 13
916, 77, 26
917, 18, 69
918, 54, 23
919, 69, 100
920, 66, 29
921, 59, 27
922, 80, 16
923, 72, 70
924, 79, 30
925, 94, 34
926, 100, 39
927, 88, 13
928, 100, 29
929, 89, 17
930, 90, 32
931, 100, 51
932, 67, 100
933, 100, 74
934, 100, 26
935, 88, 69
936, 100, 37
937, 100, 56
938, 89, 63
939, 72, 27
940, 80, 0
941, 73, 0
942, 100, 0
943, 81, 0
944, 63, 0
945, 59, 0
946, 70, 0
947, 48, 0
948, 52, 0
949, 73, 0
950, 24, 0
951, 65, 0
952, 52, 0
953, 84, 0
954, 27, 0
955, 83, 0
956, 35, 0
957, 79, 0
958, 74, 0
959, 89, 0
960, 100, 0
961, 53, 0
962, 87, 0
963, 47, 0
964, 18, 0
965, 100, 0
966, 57, 0
967, 45, 0
968, 46, 0
969, 28, 0
970, 30, 0
971, 21, 0
972, 24, 0
973, 49, 0
974, 68, 0
975, 19, 0
976, 27, 0
977, 27, 0
978, 5, 0
979, 28, 0
980, 15, 0
981, 12, 0
982, 14, 0
983, 20, 0
984, 13, 0
985, 17, 0
986, 10, 0
987, 30, 0
988, 35, 0
989, 20, 0
990, 26, 0
991, 10, 0
992, 11, 0
993, 21, 0
994, 21, 0
995, 20, 0
996, 24, 0
997, 8, 0
998, 22, 0
999, 24, 0
1000, 8, 0
1001, 31, 0
1002, 27, 0
1003, 30, 0
1004, 13, 0
1005, 22, 0
1006, 14, 0
1007, 23, 0
1008, 22, 0
1009, 14, 0
1010, 25, 0
1011, 24, 0
1012, 16, 0
1013, 9, 0
1014, 22, 0
1015, 6, 0
1016, 16, 0
1017, 47, 0
1018, 38, 0
1019, 9, 0
1020, 28, 0
1021, 13, 0
1022, 44, 0
1023, 24, 0
1024, 29, 0
1025, 16, 0
1026, 18, 0
1027, 20, 0
1028, 14, 0
1029, 12, 0
1030, 29, 0
1031, 26, 0
1032, 23, 0
1033, 32, 0
1034, 8, 0
1035, 10, 0
1036, 40, 0
1037, 5, 0
1038, 25, 0
1039, 25, 0
1040, 32, 0
1041, 27, 0
1042, 19, 0
1043, 12, 0
1044, 21, 0
1045, 50, 0
1046, 16, 0
1047, 78, 0
1048, 78, 0
1049, 90, 0
1050, 81, 0
1051, 21, 0
1052, 29, 0
1053, 92, 0
1054, 0, 0
1055, 0, 0
1056, 0, 0
1057, 35, 0
1058, 71, 0
1059, 9, 0
1060, 86, 0
1061, 27, 0
1062, 8, 0
1063, 36, 0
1064, 34, 0
1065, 48, 0
1066, 35, 0
1067, 19, 0
1068, 28, 0
1069, 61, 0
1070, 21, 0
1071, 43, 0
1072, 49, 0
1073, 10, 0
1074, 0, 0
1075, 0, 0
1076, 0, 0
1077, 0, 0
1078, 0, 0
1079, 0, 0
1080, 0, 0
1081, 0, 0
1082, 0, 0
1083, 0, 0
1084, 0, 0
1085, 0, 0
1086, 0, 0
1087, 0, 0
1088, 0, 0
1089, 0, 0
1090, 1, 0
1091, 45, 0
1092, 22, 0
1093, 33, 0
1094, 42, 0
1095, 6, 0
1096, 1, 0
1097, 1, 0
1098, 20, 0
1099, 15, 0
1100, 25, 0
1101, 1, 0
1102, 0, 0
1103, 0, 0
1104, 0, 0
1105, 0, 0
1106, 0, 0
1107, 0, 0
1108, 0, 0
1109, 0, 0
1110, 0, 0
1111, 0, 0
1112, 0, 0
1113, 0, 0
1114, 0, 0
1115, 0, 0
1116, 0, 0
1117, 0, 0
1118, 0, 0
1119, 0, 0
1120, 0, 0
1121, 0, 0
1122, 0, 0
1123, 0, 0
1124, 0, 0
1125, 0, 0
1126, 0, 0
1127, 0, 0
1128, 0, 0
1129, 0, 0
1130, 0, 0
1131, 0, 0
1132, 0, 0
1133, 30, 0
1134, 29, 0
1135, 67, 0
1136, 20, 0
1137, 100, 0
1138, 39, 0
1139, 19, 0
1140, 81, 0
1141, 73, 0
1142, 25, 0
1143, 84, 0
1144, 22, 0
1145, 15, 0
1146, 14, 0
1147, 23, 0
1148, 21, 0
1149, 66, 0
1150, 11, 0
1151, 10, 0
1152, 18, 0
1153, 19, 0
1154, 12, 0
1155, 59, 0
1156, 40, 0
1157, 9, 0
1158, 12, 0
1159, 0, 0
1160, 1, 0
1161, 1, 0
1162, 11, 0
1163, 43, 0
1164, 78, 0
1165, 70, 0
1166, 28, 0
1167, 69, 0
1168, 57, 0
1169, 62, 0
1170, 75, 0
1171, 33, 0
1172, 68, 0
1173, 38, 0
1174, 36, 0
1175, 42, 0
1176, 10, 0
1177, 26, 0
1178, 22, 0
1179, 29, 0
1180, 33, 0
1181, 56, 0
1182, 32, 0
1183, 19, 0
1184, 35, 0
1185, 49, 0
1186, 25, 0
1187, 16, 0
1188, 34, 0
1189, 69, 0
1190, 21, 0
1191, 57, 0
1192, 60, 0
1193, 30, 0
1194, 81, 0
1195, 100, 0
1196, 57, 0
1197, 65, 0
1198, 72, 0
1199, 43, 0
1200, 24, 0
1201, 93, 72
1202, 100, 60
1203, 90, 17
1204, 83, 25
1205, 48, 33
1206, 60, 8
1207, 100, 16
1208, 90, 53
1209, 66, 29
1210, 100, 12
1211, 100, 100
1212, 52, 30
1213, 49, 13
1214, 83, 14
1215, 76, 100
1216, 100, 21
1217, 75, 28
1218, 100, 60
1219, 93, 14
1220, 64, 15
1221, 76, 9
1222, 100, 74
1223, 76, 32
1224, 81, 14
1225, 100, 38
1226, 100, 23
1227, 71, 6
1228, 59, 9
1229, 68, 12
1230, 45, 8
1231, 56, 30
1232, 77, 46
1233, 52, 0
1234, 51, 0
1235, 90, 9
1236, 78, 13
1237, 24, 21
1238, 61, 26
1239, 100, 28
1240, 83, 11
1241, 69, 12
1242, 71, 18
1243, 100, 16
1244, 52, 12
1245, 51, 29
1246, 100, 100
1247, 100, 28
1248, 55, 12
1249, 69, 63
1250, 100, 28
1251, 69, 29
1252, 53, 5
1253, 100, 17
1254, 100, 22
1255, 78, 27
1256, 94, 16
1257, 100, 73
1258, 100, 5
1259, 54, 17
1260, 100, 27
1261, 77, 30
1262, 100, 17
1263, 53, 4
1264, 44, 10
1265, 31, 10
1266, 77, 54
1267, 100, 40
1268, 93, 40
1269, 77, 47
1270, 80, 24
1271, 100, 100
1272, 69, 18
1273, 41, 7
1274, 100, 29
1275, 100, 100
1276, 100, 14
1277, 77, 24
1278, 93, 65
1279, 100, 72
1280, 26, 15
1281, 80, 55
1282, 52, 73
1283, 51, 27
1284, 54, 33
1285, 50, 10
1286, 72, 18
1287, 27, 11
1288, 55, 18
1289, 44, 26
1290, 24, 27
1291, 42, 64
1292, 38, 12
1293, 25, 12
1294, 31, 2
1295, 38, 1
1296, 47, 1
1297, 34, 0
1298, 26, 1
1299, 60, 30
1300, 71, 40
1301, 59, 24
1302, 65, 75
1303, 56, 100
1304, 72, 25
1305, 70, 14
1306, 71, 100
1307, 54, 29
1308, 74, 14
1309, 73, 100
1310, 74, 16
1311, 74, 40
1312, 73, 66
1313, 64, 18
1314, 70, 27
1315, 73, 40
1316, 67, 15
1317, 51, 7
1318, 74, 28
1319, 64, 32
1320, 73, 64
1321, 67, 48
1322, 74, 39
1323, 100, 57
1324, 100, 56
1325, 71, 8
1326, 100, 29
1327, 100, 75
1328, 54, 15
1329, 63, 14
1330, 92, 73
1331, 72, 56
1332, 69, 19
1333, 79, 45
1334, 76, 75
1335, 73, 8
1336, 100, 62
1337, 100, 56
1338, 81, 11
1339, 100, 60
1340, 100, 51
1341, 100, 13
1342, 100, 16
1343, 82, 34
1344, 78, 14
1345, 100, 14
1346, 100, 12
1347, 93, 72
1348, 100, 54
1349, 73, 66
1350, 100, 63
1351, 93, 29
1352, 100, 100
1353, 100, 57
1354, 61, 41
1355, 81, 18
1356, 100, 100
1357, 80, 19
1358, 100, 9
1359, 93, 14
1360, 77, 9
1361, 7, 3
1362, 21, 12
1363, 100, 6
1364, 57, 20
1365, 65, 46
1366, 15, 6
1367, 67, 33
1368, 36, 38
1369, 43, 100
1370, 0, 10
1371, 12, 7
1372, 12, 33
1373, 26, 12
1374, 31, 4
1375, 15, 12
1376, 46, 18
1377, 9, 22
1378, 93, 19
1379, 54, 6
1380, 100, 9
1381, 18, 30
1382, 77, 73
1383, 42, 7
1384, 72, 21
1385, 17, 9
1386, 35, 22
1387, 39, 14
1388, 9, 27
1389, 7, 69
1390, 22, 22
1391, 21, 15
1392, 35, 25
1393, 17, 16
1394, 12, 4
1395, 100, 4
1396, 26, 38
1397, 58, 19
1398, 48, 14
1399, 80, 7
1400, 77, 22
1401, 100, 13
1402, 77, 23
1403, 100, 15
1404, 100, 23
1405, 81, 12
1406, 54, 37
1407, 13, 6
1408, 80, 24
1409, 87, 26
1410, 100, 13
1411, 67, 11
1412, 100, 6
1413, 81, 6
1414, 100, 7
1415, 100, 6
1416, 72, 7
1417, 73, 16
1418, 72, 4
1419, 69, 10
1420, 75, 5
1421, 71, 3
1422, 58, 5
1423, 43, 12
1424, 74, 7
1425, 70, 3
1426, 38, 5
1427, 62, 10
1428, 74, 16
1429, 63, 15
1430, 74, 9
1431, 58, 2
1432, 42, 2
1433, 27, 3
1434, 14, 1
1435, 52, 1
1436, 10, 1
1437, 100, 0
1438, 100, 0
1439, 25, 0
1440, 20, 0
1441, 100, 0
1442, 7, 0
1443, 63, 0
1444, 56, 0
1445, 60, 0
1446, 66, 0
1447, 100, 26
1448, 57, 69
1449, 100, 23
1450, 100, 100
1451, 93, 29
1452, 61, 27
1453, 100, 16
1454, 100, 70
1455, 93, 30
1456, 100, 34
1457, 100, 39
1458, 66, 13
1459, 100, 29
1460, 81, 17
1461, 81, 32
1462, 100, 51
1463, 89, 100
1464, 93, 74
1465, 81, 26
1466, 93, 69
1467, 78, 37
1468, 100, 56
1469, 100, 63
1470, 100, 27
1471, 100, 0
1472, 100, 0
1473, 100, 0
1474, 100, 0
1475, 86, 0
1476, 85, 0
1477, 94, 0
1478, 68, 0
1479, 78, 0
1480, 26, 0
1481, 100, 0
1482, 100, 0
1483, 63, 0
1484, 84, 0
1485, 90, 0
1486, 100, 0
1487, 92, 0
1488, 100, 0
1489, 71, 0
1490, 87, 0
1491, 100, 0
1492, 93, 0
1493, 100, 0
1494, 69, 0
1495, 100, 0
1496, 77, 0
1497, 83, 0
1498, 93, 0
1499, 100, 0
1500, 89, 0
1501, 100, 0
1502, 54, 0
1503, 68, 0
1504, 90, 0
1505, 85, 0
1506, 68, 0
1507, 77, 0
1508, 93, 0
1509, 54, 0
1510, 93, 0
1511, 100, 0
1512, 73, 0
1513, 100, 0
1514, 11, 0
1515, 63, 0
1516, 74, 0
1517, 19, 0
1518, 86, 0
1519, 79, 0
1520, 20, 0
1521, 65, 0
1522, 77, 0
1523, 78, 0
1524, 24, 72
1525, 81, 60
1526, 100, 17
1527, 51, 25
1528, 80, 33
1529, 23, 8
1530, 67, 16
1531, 90, 53
1532, 67, 29
1533, 29, 12
1534, 93, 100
1535, 92, 30
1536, 23, 13
1537, 89, 14
1538, 100, 100
1539, 53, 21
1540, 80, 28
1541, 89, 60
1542, 78, 14
1543, 78, 15
1544, 83, 9
1545, 100, 74
1546, 78, 32
1547, 76, 14
1548, 92, 38
1549, 68, 23
1550, 39, 6
1551, 39, 9
1552, 74, 12
1553, 51, 8
1554, 26, 30
1555, 10, 46
1556, 15, 9
1557, 20, 13
1558, 21, 21
1559, 56, 26
1560, 100, 28
1561, 12, 11
1562, 7, 12
1563, 94, 18
1564, 100, 16
1565, 37, 12
1566, 49, 29
1567, 100, 100
1568, 65, 28
1569, 24, 12
1570, 53, 63
1571, 87, 28
1572, 100, 29
1573, 17, 5
1574, 74, 17
1575, 30, 22
1576, 56, 27
1577, 52, 16
1578, 73, 73
1579, 65, 5
1580, 18, 17
1581, 52, 27
1582, 66, 30
1583, 73, 17
1584, 23, 10
1585, 66, 10
1586, 66, 54
1587, 72, 40
1588, 68, 40
1589, 12, 47
1590, 30, 24
1591, 71, 100
1592, 73, 18
1593, 68, 7
1594, 72, 29
1595, 74, 100
1596, 54, 14
1597, 61, 24
1598, 74, 65
1599, 74, 72
1600, 66, 15
1601, 63, 55
1602, 73, 73
1603, 74, 27
1604, 52, 33
1605, 67, 10
1606, 26, 18
1607, 15, 11
1608, 80, 18
1609, 60, 26
1610, 42, 27
1611, 56, 64
1612, 64, 12
1613, 50, 12
1614, 65, 2
1615, 53, 1
1616, 49, 1
1617, 22, 0
1618, 69, 0
1619, 100, 0
1620, 93, 0
1621, 100, 1
1622, 63, 30
1623, 90, 40
1624, 84, 24
1625, 87, 75
1626, 70, 100
1627, 89, 25
1628, 65, 14
1629, 100, 100
1630, 93, 29
1631, 54, 14
1632, 83, 100
1633, 78, 16
1634, 100, 40
1635, 100, 66
1636, 100, 18
1637, 57, 27
1638, 67, 40
1639, 47, 15
1640, 81, 7
1641, 93, 28
1642, 68, 32
1643, 78, 64
1644, 83, 48
1645, 86, 39
1646, 100, 57
1647, 93, 56
1648, 81, 8
1649, 78, 29
1650, 100, 75
1651, 78, 15
1652, 87, 14
1653, 100, 73
1654, 100, 56
1655, 100, 19
1656, 93, 45
1657, 100, 75
1658, 81, 8
1659, 100, 62
1660, 100, 56
1661, 65, 11
1662, 100, 60
1663, 100, 51
1664, 94, 13
1665, 100, 16
1666, 100, 34
1667, 87, 14
1668, 100, 14
1669, 100, 12
1670, 100, 72
1671, 69, 54
1672, 66, 66
1673, 87, 63
1674, 81, 29
1675, 100, 100
1676, 100, 57
1677, 54, 41
1678, 37, 18
1679, 100, 100
1680, 67, 19
1681, 36, 9
1682, 100, 20
1683, 70, 46
1684, 6, 6
1685, 58, 33
1686, 32, 38
1687, 100, 100
1688, 93, 10
1689, 81, 7
1690, 100, 33
1691, 74, 12
1692, 65, 4
1693, 100, 12
1694, 100, 18
1695, 59, 22
1696, 100, 19
1697, 81, 6
1698, 24, 9
1699, 82, 30
1700, 100, 73
1701, 92, 7
1702, 70, 21
1703, 71, 9
1704, 100, 22
1705, 100, 14
1706, 84, 27
1707, 87, 69
1708, 84, 22
1709, 76, 15
1710, 65, 25
1711, 100, 16
1712, 100, 4
1713, 100, 4
1714, 100, 38
1715, 81, 19
1716, 85, 14
1717, 100, 7
1718, 35, 22
1719, 68, 13
1720, 72, 23
1721, 79, 15
1722, 75, 23
1723, 45, 12
1724, 20, 37
1725, 45, 6
1726, 58, 24
1727, 7, 26
1728, 54, 13
1729, 50, 11
1730, 36, 6
1731, 26, 6
1732, 14, 7
1733, 10, 6
1734, 29, 7
1735, 26, 16
1736, 31, 4
1737, 28, 10
1738, 18, 5
1739, 57, 3
1740, 79, 5
1741, 75, 12
1742, 100, 7
1743, 73, 3
1744, 45, 5
1745, 63, 10
1746, 49, 16
1747, 67, 15
1748, 65, 9
1749, 72, 26
1750, 19, 69
1751, 69, 23
1752, 81, 100
1753, 26, 29
1754, 71, 27
1755, 100, 16
1756, 94, 70
1757, 90, 30
1758, 94, 34
1759, 100, 39
1760, 76, 13
1761, 100, 29
1762, 65, 17
1763, 85, 32
1764, 93, 51
1765, 100, 100
1766, 100, 74
1767, 100, 26
1768, 100, 69
1769, 81, 37
1770, 65, 56
1771, 93, 63
1772, 93, 27
1773, 100, 0
1774, 63, 0
1775, 81, 0
1776, 59, 0
1777, 62, 0
1778, 100, 0
1779, 84, 0
1780, 90, 0
1781, 87, 0
1782, 71, 0
1783, 52, 0
1784, 70, 0
1785, 49, 0
1786, 100, 0
1787, 55, 0
1788, 80, 0
1789, 100, 0
1790, 100, 0
1791, 100, 0
1792, 49, 0
1793, 47, 0
1794, 87, 0
1795, 59, 0
1796, 91, 0
1797, 39, 0
1798, 100, 0
1799, 75, 0
1800, 93, 0
1801, 100, 0
1802, 100, 0
1803, 72, 0
1804, 53, 0
1805, 70, 0
1806, 100, 0
1807, 100, 0
1808, 77, 0
1809, 77, 0
1810, 56, 0
1811, 33, 0
1812, 43, 0
1813, 21, 0
1814, 100, 0
1815, 76, 0
1816, 56, 0
1817, 100, 0
1818, 56, 0
1819, 31, 0
1820, 62, 0
1821, 100, 0
1822, 36, 0
1823, 22, 0
1824, 100, 0
1825, 93, 0
1826, 14, 0
1827, 69, 0
1828, 33, 0
1829, 78, 0
1830, 100, 0
1831, 100, 0
1832, 55, 0
1833, 24, 0
1834, 36, 0
1835, 81, 0
1836, 70, 0
1837, 35, 0
1838, 83, 0
1839, 100, 0
1840, 89, 0
1841, 63, 0
1842, 81, 0
1843, 64, 0
1844, 45, 0
1845, 65, 0
1846, 92, 0
1847, 83, 0
1848, 90, 0
1849, 81, 0
1850, 69, 0
1851, 67, 0
1852, 100, 0
1853, 93, 0
1854, 100, 0
1855, 48, 0
1856, 100, 0
1857, 53, 0
1858, 100, 0
1859, 81, 0
1860, 60, 0
1861, 73, 0
1862, 93, 0
1863, 100, 0
1864, 52, 0
1865, 64, 0
1866, 42, 0
1867, 57, 0
1868, 65, 0
1869, 68, 0
1870, 50, 0
1871, 80, 0
1872, 53, 0
1873, 17, 0
1874, 52, 0
1875, 70, 0
1876, 78, 0
1877, 66, 0
1878, 51, 0
1879, 59, 0
1880, 52, 0
1881, 54, 0
1882, 54, 0
1883, 90, 0
1884, 59, 0
1885, 46, 0
1886, 80, 0
1887, 43, 0
1888, 45, 0
1889, 64, 0
1890, 73, 0
1891, 100, 0
1892, 93, 0
1893, 64, 0
1894, 93, 0
1895, 100, 0
1896, 75, 0
1897, 66, 0
1898, 61, 0
1899, 94, 0
1900, 41, 0
1901, 100, 0
1902, 66, 0
1903, 41, 0
1904, 60, 0
1905, 93, 0
1906, 24, 0
1907, 55, 0
1908, 88, 0
1909, 100, 0
1910, 87, 0
1911, 64, 0
1912, 39, 0
1913, 93, 0
1914, 23, 0
1915, 19, 0
1916, 36, 0
1917, 45, 0
1918, 48, 0
1919, 53, 0
1920, 34, 0
1921, 25, 0
1922, 36, 0
1923, 20, 0
1924, 22, 0
1925, 56, 0
1926, 7, 0
1927, 13, 0
1928, 0, 0
1929, 0, 0
1930, 0, 0
1931, 1, 0
1932, 9, 0
1933, 12, 0
1934, 22, 0
1935, 13, 0
1936, 11, 0
1937, 8, 0
1938, 21, 0
1939, 13, 0
1940, 8, 0
1941, 12, 0
1942, 10, 0
1943, 7, 0
1944, 8, 0
1945, 7, 0
1946, 13, 0
1947, 7, 0
1948, 5, 0
1949, 14, 0
1950, 8, 0
1951, 14, 0
1952, 7, 0
1953, 16, 0
1954, 26, 0
1955, 21, 0
1956, 5, 0
1957, 33, 0
1958, 12, 0
1959, 24, 0
1960, 9, 0
1961, 14, 0
1962, 22, 0
1963, 23, 0
1964, 13, 0
1965, 34, 0
1966, 18, 0
1967, 40, 0
1968, 17, 0
1969, 39, 0
1970, 44, 0
1971, 3, 0
1972, 1, 0
1973, 0, 0
1974, 31, 0
1975, 45, 0
1976, 43, 0
1977, 19, 0
1978, 37, 0
1979, 41, 0
1980, 32, 0
1981, 57, 0
1982, 32, 0
1983, 27, 0
1984, 16, 0
1985, 27, 0
1986, 41, 0
1987, 27, 0
1988, 1, 0
1989, 2, 0
1990, 2, 0
1991, 8, 0
1992, 18, 0
1993, 32, 0
1994, 22, 0
1995, 9, 0
1996, 15, 0
1997, 21, 0
1998, 32, 0
1999, 40, 0
2000, 24, 0
2001, 11, 0
2002, 18, 0
2003, 28, 0
2004, 5, 0
2005, 0, 0
2006, 0, 0
2007, 0, 0
2008, 0, 0
2009, 1, 0
2010, 0, 0
2011, 0, 0
2012, 0, 0
2013, 0, 0
2014, 8, 0
2015, 5, 0
2016, 5, 0
