idx,dva,dvi
219,1.7,-11.4
1790,,-15.6
1295,2.9,5.2
526,-0.2,-0.5
528,-2.2,0.4
1710,17.7,-24.3
572,-2.5,0.8
572,-3.8,-2.4
615,-3.4,1.7
1206,-2.6,0.8
1714,1.9,1.9
1790,0.0,-2.9
1790,0.0,-16.3
1904,-1.3,-4.9
1473,-2.4,8.8
1620,0.0,0.0
1620,0.0,9.6
1790,5.36,-14.64
1432,,
1432,,
1432,0.0,0.0
1432,,
1432,-4.94,0.2
1740,,
2004,3.3,-7.5
222,-13.9,-6.7
225,0.2,-0.8
225,-2.9,-4.2
814,-3.8,1.1
94,-0.5,-1.3
220,-2.1,-7.4
615,5.6,3.1
630,1.5,1.3
648,2.0,-0.5
997,19.6,6.2
1158,3.2,-3.3
1304,-0.3,0.6
1512,2.9,3.0
1780,3.6,2.1
1870,0.6,-1.1
1896,0.5,-2.6
1952,0.2,4.0
225,14.0,11.1
270,5.8,9.9
620,0.0,0.0
811,-0.6,-8.4
1218,,
1319,3.7,-6.0
1762,4.1,11.8
1763,-3.8,11.5
1764,-0.7,6.0
219,-2.3,-9.6
219,3.3,-0.8
225,,
225,4.7,5.8
808,6.3,0.0
808,13.3,8.2
814,15.8,-2.4
814,0.4,-9.6
1300,0.3,-13.1
1300,-10.4,-21.0
1306,-2.1,-21.8
1306,5.9,-10.6
1623,-2.4,-0.9
1623,2.3,4.7
1629,6.7,-3.7
1629,8.6,-57.5
2016,0.8,-1.8
222,-15.4,-8.0
222,-13.1,-4.2
558,-0.9,-1.0
558,-0.3,0.6
1836,0.5,0.5
1836,0.4,1.7
680,1.1,2.4
680,-2.6,-1.5
1103,1.8,6.3
1103,-1.6,-2.6
551,,0.0
551,0.0,-5.0
551,,-4.7
104,8.6,0.0
104,,
121,,
878,,
336,1.7,-1.5
1660,,
446,-0.7,-6.2
828,-21.7,-8.4
1432,,
1512,0.9,2.6
1784,8.8,-14.4
376,11.5,0.0
376,1.5,0.0
1987,-1.3,-3.4
376,,
1023,3.4,2.5
1644,8.48,-1.0
1968,0.0,-0.3
1180,1.4,-4.4
1904,,0.6
571,,0.0
571,,0.0
219,-1.7,3.67
1275,3.36,-0.7
1275,3.8,-4.05
1768,0.7,0.9
9,1.3,0.01
18,0.5,2.2
18,-0.2,1.3
27,4.0,-0.4
35,-1.7,-1.8
95,1.2,1.0
104,-0.5,-1.6
125,0.7,3.1
126,2.8,3.4
161,19.8,1.5
187,,
212,-15.0,-10.5
220,-1.0,-5.6
878,,
1275,3.1,1.8
1298,-0.5,-8.9
1408,,
1632,-1.4,-20.7
161,19.1,1.9
187,,
212,-14.6,-10.4
220,-1.8,-6.4
558,-1.7,-1.5
878,,
1275,3.0,1.0
1298,-1.4,-10.1
1408,,
1632,-2.4,-22.0
352,0.0,
986,1.3,-0.2
468,-1.4,2.8
121,,
367,,
689,,
411,-8.1,-7.9
70,,-0.14
225,,-1.81
439,,-0.52
526,,-1.81
552,,-1.75
555,,-2.68
567,,-0.43
620,,-2.17
632,,-2.33
647,,-1.06
701,,-3.04
965,,-0.3
1023,,2.25
1053,,3.71
1113,,-0.78
1140,,-3.05
1275,,-0.84
1319,,-1.92
1501,,0.19
1502,,-7.18
1938,,-0.96
965,1.45,-9.4
400,1.32,-6.39
1008,,1.37
1784,0.0,-18.4
1787,-1.0,1.0
1787,-1.0,-1.0
1193,2.0,-5.2
1333,-8.5,7.0
282,5.0,5.0
406,15.9,9.6
406,,2.7
551,-1.8,-1.4
592,3.2,1.2
1090,-0.5,-1.5
30,-0.2,2.6
48,3.9,-2.7
48,3.8,0.4
87,0.6,-1.5
190,0.1,0.8
216,-2.0,0.3
245,-3.7,0.7
397,-6.9,5.1
397,0.4,9.1
462,-2.6,1.2
462,-2.2,0.9
462,-1.9,-3.0
569,-7.1,0.7
569,-1.3,0.7
620,0.5,2.3
627,-1.1,1.0
689,-5.2,-4.3
692,-2.2,-4.3
692,-1.1,2.3
750,3.2,-1.6
750,0.3,-2.5
800,-1.0,0.9
897,,
1304,-3.5,-0.7
1320,0.7,2.4
1485,-2.5,6.8
1779,-3.1,-3.6
1819,-1.9,-0.9
1623,0.0,-7.2
406,8.6,2.9
1774,-7.9,-0.9
558,2.55,-1.0
1768,-6.7,-1.1
325,10.4,4.4
1344,9.7,-0.65
817,24.0,0.1
1406,,
1406,,
222,-11.7,-4.0
1493,-1.58,5.13
43,-0.29,-1.77
1295,3.4,5.2
1790,1.4,-10.21
1795,-1.0,-2.8
1795,1.7,-10.4
1795,0.9,-10.5
1795,2.1,-10.56
1790,8.49,-22.34
1825,0.0,-7.3
1777,-8.99,-12.43
1623,,-1.4
1825,8.9,-11.0
212,-15.4,-9.0
1784,12.5,-15.0
1875,-0.48,16.4
222,-6.3,-6.2
216,1.0,1.0
1195,-9.2,-10.0
1053,-8.3,-4.7
681,-9.5,-17.3
1476,1.6,6.5
558,5.1,-0.8
1849,-0.5,-6.7
222,-9.0,-7.3
1632,-2.2,-24.8
230,15.4,-4.9
814,-5.7,-2.9
1595,-0.3,-6.8
1690,4.7,3.2
1748,13.4,13.8
340,-6.2,-5.5
1626,4.4,-5.6
1819,0.1,0.2
1897,-1.6,-6.2
1951,-3.6,0.0
532,0.0,0.0
1084,1.5,-5.5
1705,-1.0,-17.0
1850,1.4,-11.6
353,1.0,11.0
282,,
752,,
1795,-1.0,-10.5
1795,1.1,-10.9
1768,0.0,7.6
1512,-5.1,-3.8
1924,-9.0,-0.2
376,0.0,0.0
941,-0.6,-0.3
1332,-5.0,-6.4
1626,-3.1,-7.1
1652,0.7,7.6
1473,-18.9,-4.4
1506,9.0,-14.0
298,,
298,,
1340,-1.1,3.6
1340,,
1473,,14.8
1494,,7.9
1495,,2.6
1520,,1.1
1522,,-0.6
941,,
282,,
292,,7.3
294,,4.1
317,,
325,,
351,,
356,,
367,,
1951,,8.8
2006,,10.6
1620,6.8,13.1
1710,18.7,-21.7
524,-5.0,1.6
2016,3.7,1.9
1438,,
161,11.9,0.9
1330,2.4,6.9
689,0.1,-0.2
689,-0.7,-0.6
1103,-4.5,0.0
558,0.6,-2.2
1620,-0.03,1.26
1620,-5.8,-4.14
1620,-6.56,-13.48
137,-0.5,1.6
141,-7.0,1.5
514,10.1,6.9
1924,,
34,-2.0,0.0
34,3.0,2.0
481,1.0,-6.0
481,-6.0,-4.0
524,-1.0,-2.0
524,3.0,3.0
558,0.0,-6.0
558,,
1090,-5.0,-4.0
1090,1.0,3.0
1103,-3.0,-3.0
1103,5.0,6.0
1193,-1.0,-2.0
1193,-6.0,-5.0
1951,-1.0,3.0
1951,0.0,-2.0
1406,1.9,-10.5
1406,3.4,-6.3
890,4.7,0.7
1795,0.0,-11.0
1795,0.0,-11.0
572,0.0,-3.0
1623,-0.9,-3.8
1766,7.0,9.0
1743,,
351,0.0,2.1
367,,
735,6.7,-0.1
1193,0.0,3.9
512,-7.5,-8.7
567,7.1,-11.3
1325,-6.4,-2.5
1644,1.7,2.1
1620,0.0,6.2
298,3.6,7.4
1595,-1.3,4.2
1193,0.0,-6.0
216,-0.2,4.7
680,-1.9,0.1
1304,6.7,11.2
1486,3.7,14.3
1951,-1.6,1.8
2004,0.7,4.7
2006,-0.2,4.7
927,-7.1,
1631,7.8,14.5
812,-0.33,-19.7
1309,4.5,-6.2
226,,
367,,
846,,
1275,0.7,-3.9
1275,12.0,1.4
1275,-1.5,7.6
1330,-1.5,8.3
1790,6.0,-15.0
619,-0.1,5.8
1784,,-12.1
1177,0.2,-1.5
615,0.5,2.4
618,-4.9,3.9
1250,7.5,6.2
1325,0.0,7.1
1629,2.3,-20.6
878,,
878,,
878,,
878,,
353,-2.2,-6.32
