idx,dom,hse,dva,dvi,window
9,0,39,1.3,0.01,-1.29
18,0,38,0.5,2.2,1.7000000000000002
18,0,38,-0.2,1.3,1.5
27,0,54,4.0,-0.4,-4.4
30,0,41,-0.2,2.6,2.8000000000000003
34,0,43,-2.0,0.0,2.0
35,0,14,-1.7,-1.8,-0.10000000000000009
43,0,1,-0.29,-1.77,-1.48
48,0,52,3.9,-2.7,-6.6
87,0,100,0.6,-1.5,-2.1
94,0,61,-0.5,-1.3,-0.8
95,0,100,1.2,1.0,-0.19999999999999996
104,0,100,8.6,0.0,-8.6
104,0,100,-0.5,-1.6,-1.1
125,0,71,0.7,3.1,2.4000000000000004
126,0,60,2.8,3.4,0.6000000000000001
137,100,93,-0.5,1.6,2.1
141,100,87,-7.0,1.5,8.5
161,21,100,19.8,1.5,-18.3
190,40,77,0.1,0.8,0.7000000000000001
212,64,94,-15.4,-9.0,6.4
216,40,69,-0.2,4.7,4.9
219,100,90,-1.7,3.67,5.37
219,100,90,3.3,-0.8,-4.1
220,25,100,-2.1,-7.4,-5.300000000000001
222,100,100,-13.9,-6.7,7.2
225,100,100,0.2,-0.8,-1.0
225,100,100,-2.9,-4.2,-1.3000000000000003
225,100,100,14.0,11.1,-2.9000000000000004
230,27,87,15.4,-4.9,-20.3
245,14,66,-3.7,0.7,4.4
270,41,78,5.8,9.9,4.1000000000000005
298,0,15,3.6,7.4,3.8000000000000003
325,22,85,10.4,4.4,-6.0
336,0,64,1.7,-1.5,-3.2
340,0,14,-6.2,-5.5,0.7000000000000002
351,14,67,0.0,2.1,2.1
353,22,100,-2.2,-6.32,-4.12
376,12,38,11.5,0.0,-11.5
376,12,38,0.0,0.0,0.0
397,70,73,-6.9,5.1,12.0
400,39,59,1.32,-6.39,-7.71
406,100,89,8.6,2.9,-5.699999999999999
411,56,87,-8.1,-7.9,0.1999999999999993
446,0,100,-0.7,-6.2,-5.5
462,0,37,-2.6,1.2,3.8
462,0,37,-1.9,-3.0,-1.1
468,0,31,-1.4,2.8,4.199999999999999
481,0,20,1.0,-6.0,-7.0
512,0,8,-7.5,-8.7,-1.1999999999999993
514,0,16,10.1,6.9,-3.1999999999999993
524,0,27,-5.0,1.6,6.6
526,0,10,-0.2,-0.5,-0.3
528,0,23,-2.2,0.4,2.6
532,0,5,0.0,0.0,0.0
551,0,1,-1.8,-1.4,0.40000000000000013
558,0,12,-0.3,0.6,0.8999999999999999
567,0,5,7.1,-11.3,-18.4
569,0,15,-7.1,0.7,7.8
569,0,15,-1.3,0.7,2.0
572,0,13,-2.5,0.8,3.3
572,0,13,-3.8,-2.4,1.4
592,0,12,3.2,1.2,-2.0
615,0,8,0.5,2.4,1.9
618,0,7,-4.9,3.9,8.8
619,0,4,-0.1,5.8,5.8999999999999995
620,0,8,0.5,2.3,1.7999999999999998
620,0,8,0.0,0.0,0.0
627,0,4,-1.1,1.0,2.1
630,0,5,1.5,1.3,-0.19999999999999996
648,0,6,2.0,-0.5,-2.5
680,0,55,-1.9,0.1,2.0
681,0,39,-9.5,-17.3,-7.800000000000001
689,0,59,0.1,-0.2,-0.30000000000000004
689,0,59,-0.7,-0.6,0.09999999999999998
692,0,40,-2.2,-4.3,-2.0999999999999996
735,32,87,6.7,-0.1,-6.8
750,11,42,3.2,-1.6,-4.800000000000001
800,27,38,-1.0,0.9,1.9
808,100,100,6.3,0.0,-6.3
808,100,100,13.3,8.2,-5.100000000000001
811,100,100,-0.6,-8.4,-7.800000000000001
812,29,85,-0.33,-19.7,-19.37
814,100,100,15.8,-2.4,-18.2
814,100,100,0.4,-9.6,-10.0
814,100,100,-3.8,1.1,4.9
817,66,100,24.0,0.1,-23.9
828,57,100,-21.7,-8.4,13.299999999999999
890,9,66,4.7,0.7,-4.0
941,0,73,-0.6,-0.3,0.3
965,0,100,1.45,-9.4,-10.85
986,0,10,1.3,-0.2,-1.5
997,0,8,19.6,6.2,-13.400000000000002
1023,0,24,3.4,2.5,-0.8999999999999999
1053,0,92,-8.3,-4.7,3.6000000000000005
1084,0,0,1.5,-5.5,-7.0
1090,0,1,-0.5,-1.5,-1.0
1103,0,0,1.8,6.3,4.5
1158,0,12,3.2,-3.3,-6.5
1177,0,26,0.2,-1.5,-1.7
1180,0,33,1.4,-4.4,-5.800000000000001
1193,0,30,2.0,-5.2,-7.2
1195,0,100,-9.2,-10.0,-0.8000000000000007
1206,8,60,-2.6,0.8,3.4000000000000004
1250,28,100,7.5,6.2,-1.2999999999999998
1275,100,100,12.0,1.4,-10.6
1295,1,38,3.4,5.2,1.8000000000000003
1298,1,26,-0.5,-8.9,-8.4
1300,40,71,0.3,-13.1,-13.4
1300,40,71,-10.4,-21.0,-10.6
1304,25,72,6.7,11.2,4.499999999999999
1306,100,71,-2.1,-21.8,-19.7
1306,100,71,5.9,-10.6,-16.5
1309,100,73,4.5,-6.2,-10.7
1319,32,64,3.7,-6.0,-9.7
1320,64,73,0.7,2.4,1.7
1325,8,71,-6.4,-2.5,3.9000000000000004
1330,73,92,-1.5,8.3,9.8
1330,73,92,2.4,6.9,4.5
1332,19,69,-5.0,-6.4,-1.4000000000000004
1333,45,79,-8.5,7.0,15.5
1340,51,100,-1.1,3.6,4.7
1344,14,78,9.7,-0.65,-10.35
1406,37,54,3.4,-6.3,-9.7
1432,2,42,0.0,0.0,0.0
1432,2,42,-4.94,0.2,5.140000000000001
1473,0,100,-2.4,8.8,11.200000000000001
1473,0,100,-18.9,-4.4,14.499999999999998
1476,0,85,1.6,6.5,4.9
1485,0,90,-2.5,6.8,9.3
1486,0,100,3.7,14.3,10.600000000000001
1493,0,100,-1.58,5.13,6.71
1506,0,68,9.0,-14.0,-23.0
1512,0,73,2.9,3.0,0.10000000000000009
1512,0,73,0.9,2.6,1.7000000000000002
1595,100,74,-0.3,-6.8,-6.5
1595,100,74,-1.3,4.2,5.5
1620,0,93,-0.03,1.26,1.29
1620,0,93,-5.8,-4.14,1.6600000000000001
1620,0,93,0.0,0.0,0.0
1620,0,93,-6.56,-13.48,-6.920000000000001
1623,40,90,-2.4,-0.9,1.5
1623,40,90,0.0,-7.2,-7.2
1626,100,70,4.4,-5.6,-10.0
1626,100,70,-3.1,-7.1,-3.9999999999999996
1629,100,100,6.7,-3.7,-10.4
1629,100,100,2.3,-20.6,-22.900000000000002
1631,14,54,7.8,14.5,6.7
1632,100,83,-2.2,-24.8,-22.6
1632,100,83,-1.4,-20.7,-19.3
1644,48,83,8.48,-1.0,-9.48
1644,48,83,1.7,2.1,0.40000000000000013
1652,14,87,0.7,7.6,6.8999999999999995
1690,33,100,4.7,3.2,-1.5
1705,14,100,-1.0,-17.0,-16.0
1710,25,65,17.7,-24.3,-42.0
1714,38,100,1.9,1.9,0.0
1748,9,65,13.4,13.8,0.40000000000000036
1762,17,65,4.1,11.8,7.700000000000001
1763,32,85,-3.8,11.5,15.3
1764,51,93,-0.7,6.0,6.7
1766,74,100,7.0,9.0,2.0
1768,69,100,0.0,7.6,7.6
1774,0,63,-7.9,-0.9,7.0
1777,0,62,-8.99,-12.43,-3.4399999999999995
1779,0,84,-3.1,-3.6,-0.5
1780,0,90,3.6,2.1,-1.5
1784,0,70,12.5,-15.0,-27.5
1787,0,55,-1.0,1.0,2.0
1790,0,100,1.4,-10.21,-11.610000000000001
1795,0,59,0.0,-11.0,-11.0
1795,0,59,1.7,-10.4,-12.1
1795,0,59,0.0,-11.0,-11.0
1795,0,59,2.1,-10.56,-12.66
1819,0,31,-1.9,-0.9,0.9999999999999999
1825,0,93,8.9,-11.0,-19.9
1836,0,70,0.4,1.7,1.2999999999999998
1849,0,81,-0.5,-6.7,-6.2
1850,0,69,1.4,-11.6,-13.0
1870,0,50,0.6,-1.1,-1.7000000000000002
1875,0,70,-0.48,16.4,16.88
1896,0,75,0.5,-2.6,-3.1
1897,0,66,-1.6,-6.2,-4.6
1904,0,60,-1.3,-4.9,-3.6000000000000005
1951,0,14,-1.6,1.8,3.4000000000000004
1951,0,14,-3.6,0.0,3.6
1952,0,7,0.2,4.0,3.8
1968,0,17,0.0,-0.3,-0.3
1987,0,27,-1.3,-3.4,-2.0999999999999996
2004,0,5,0.7,4.7,4.0
2006,0,0,-0.2,4.7,4.9
2016,0,5,0.8,-1.8,-2.6
